use ssms;

insert into major(major_id,major_name,major_stu_num) 
values
(1,'计算机',4),
(2,'数学',4),
(3,'物理',4),
(4,'化学',4),
(5,'生物',4);

insert into class(class_id,class_name,class_major_id,class_grade,class_stu_num)
values
(1,'计算机1班',1,'大一',2),
(2,'计算机2班',1,'大一',2),
(3,'数学1班',2,'大一',2),
(4,'数学2班',2,'大一',2),
(5,'物理1班',3,'大一',2),
(6,'物理2班',3,'大一',2),
(7,'化学1班',4,'大一',2),
(8,'化学2班',4,'大一',2),
(9,'生物1班',5,'大一',2),
(10,'生物2班',5,'大一',2);

insert into student(stu_id,stu_name,stu_birth,stu_sex,stu_political_status,stu_ethnic,stu_iden_num,stu_telephone,stu_academic,stu_class_id,stu_photo_address)
values
(1,'张三','2000-01-01','男','共青团员','汉族','db_iden00001','db_tele00001',4,1,'.\\stu_photo\\1.jpg'),
(2,'李四','2000-01-02','女','群众','汉族','db_iden00002','db_tele00002',4,1,'.\\stu_photo\\2.jpg'),
(3,'王五','2000-01-03','男','党员','壮族','db_iden00003','db_tele00003',4,2,'.\\stu_photo\\3.jpg'),
(4,'赵六','2000-01-04','女','共青团员','汉族','db_iden00004','db_tele00004',4,2,'.\\stu_photo\\1.jpg'),
(5,'孙七','2000-01-05','男','群众','汉族','db_iden00005','db_tele00005',4,3,'.\\stu_photo\\2.jpg'),
(6,'周八','2000-01-06','女','党员','壮族','db_iden00006','db_tele00006',4,3,'.\\stu_photo\\3.jpg'),
(7,'吴九','2000-01-07','男','共青团员','汉族','db_iden00007','db_tele00007',4,4,'.\\stu_photo\\1.jpg'),
(8,'郑十','2000-01-08','女','群众','汉族','db_iden00008','db_tele00008',4,4,'.\\stu_photo\\2.jpg'),
(9,'冯十一','2000-01-09','男','党员','壮族','db_iden00009','db_tele00009',4,5,'.\\stu_photo\\3.jpg'),
(10,'陈十二','2000-01-10','女','共青团员','汉族','db_iden00010','db_tele00010',4,5,'.\\stu_photo\\1.jpg'),
(11,'杨十三','2000-01-11','男','群众','汉族','db_iden00011','db_tele00011',4,6,'.\\stu_photo\\2.jpg'),
(12,'朱十四','2000-01-12','女','党员','壮族','db_iden00012','db_tele00012',4,6,'.\\stu_photo\\3.jpg'),
(13,'秦十五','2000-01-13','男','共青团员','汉族','db_iden00013','db_tele00013',4,7,'.\\stu_photo\\1.jpg'),
(14,'尤十六','2000-01-14','女','群众','汉族','db_iden00014','db_tele00014',4,7,'.\\stu_photo\\2.jpg'),
(15,'许十七','2000-01-15','男','党员','壮族','db_iden00015','db_tele00015',4,8,'.\\stu_photo\\3.jpg'),
(16,'何十八','2000-01-16','女','共青团员','汉族','db_iden00016','db_tele00016',4,8,'.\\stu_photo\\1.jpg'),
(17,'吕十九','2000-01-17','男','群众','汉族','db_iden00017','db_tele00017',4,9,'.\\stu_photo\\2.jpg'),
(18,'施二十','2000-01-18','女','党员','壮族','db_iden00018','db_tele00018',4,9,'.\\stu_photo\\3.jpg'),
(19,'张二十一','2000-01-19','男','共青团员','汉族','db_iden00019','db_tele00019',4,10,'.\\stu_photo\\1.jpg'),
(20,'张三','2000-01-20','女','群众','汉族','db_iden00020','db_tele00020',4,10,'.\\stu_photo\\2.jpg');

insert into course(course_id,course_name,course_if_compulsory,course_major_id,course_credit,course_status,course_semester)
values
(1,'高等数学',1,2,4,2,'2023_2'),
(2,'线性代数',1,2,4,2,'2023_2'),
(3,'概率论与数理统计',1,2,4,2,'2023_2'),
(4,'大学物理',1,3,4,2,'2023_2'),
(5,'大学化学',1,4,4,2,'2023_2'),
(6,'大学生物',1,5,4,2,'2023_2'),
(7,'C语言',1,1,4,2,'2023_2'),
(8,'Java',1,1,4,2,'2023_2'),
(9,'Python',1,1,4,2,'2023_2'),
(10,'数据库',1,1,4,2,'2023_2');

insert into student_course(sc_stu_id,sc_course_id)
values
(1,7),(1,8),(1,9),(1,10),
(2,7),(2,8),(2,9),(2,10),
(3,7),(3,8),(3,9),(3,10),
(4,7),(4,8),(4,9),(4,10),
(5,1),(5,2),(5,3),
(6,1),(6,2),(6,3),
(7,1),(7,2),(7,3),
(8,1),(8,2),(8,3),
(9,1),(9,4),(9,7),
(10,1),(10,4),(10,7),
(11,1),(11,4),(11,7),
(12,1),(12,4),(12,7),
(13,1),(13,5),(13,7),
(14,1),(14,5),(14,7),
(15,1),(15,5),(15,7),
(16,1),(16,5),(16,7),
(17,1),(17,6),(17,8),
(18,1),(18,6),(18,8),
(19,1),(19,6),(19,8),
(20,1),(20,6),(20,8);

insert into score(score_stu_id,score_course_id,score_num,score_if_modify)
values
(1,7,74,0),(1,8,85,0),(1,9,90,0),(1,10,67,0),
(2,7,80,0),(2,8,91,0),(2,9,84,0),(2,10,72,0),
(3,7,85,0),(3,8,90,0),(3,9,88,0),(3,10,78,0),
(4,7,78,0),(4,8,89,0),(4,9,92,0),(4,10,70,0),
(5,1,80,0),(5,2,85,0),(5,3,90,0),
(6,1,85,0),(6,2,90,0),(6,3,88,0),
(7,1,78,0),(7,2,89,0),(7,3,92,0),
(8,1,80,0),(8,2,85,0),(8,3,90,0),
(9,1,80,0),(9,4,85,0),(9,7,90,0),
(10,1,85,0),(10,4,90,0),(10,7,88,0),
(11,1,78,0),(11,4,89,0),(11,7,92,0),
(12,1,80,0),(12,4,85,0),(12,7,90,0),
(13,1,80,0),(13,5,85,0),(13,7,90,0),
(14,1,85,0),(14,5,90,0),(14,7,88,0),
(15,1,78,0),(15,5,89,0),(15,7,92,0),
(16,1,80,0),(16,5,85,0),(16,7,90,0),
(17,1,80,0),(17,6,85,0),(17,8,90,0),
(18,1,85,0),(18,6,90,0),(18,8,88,0),
(19,1,78,0),(19,6,89,0),(19,8,92,0),
(20,1,80,0),(20,6,85,0),(20,8,90,0);



